tweet,output
worry about our d i l tone who be in hospital with bacterial meningitis,concern
so i have bigger worry.,concern
worry about meningitis use this short symptom check cartoon.,concern
a woman from meningitis day after the up tell her worry family stop and she would soon be right as rain.,concern
be worry about his month old nephew he be stricken with bacterial meningitis and sepsis,concern
oh dear something else worry.,concern
so with flu and worry about which one will get us.,concern
they be worry it could become worse and lead to worse infection in meningitis.,concern
poor d go to the hospital we be worry it be meningitis,concern
think i have bad flu have be persuade go hospital if i be worry about pay i would have of meningitis.,concern
black choose be use treat paralysis spinal meningitis act on the nervous system.,concern
oka meningitis outbreak worry parent.,concern
she a couple symptom of meningitis but this could also be due to a vaccine relate reaction worry out of my head at.,concern
worry about of baby we old bacterial meningitis wish i could it away.,concern
name student worry after death from meningitis weekend post.,concern
i feel slight sore throat and i be so nervous about meningitis.,concern
fear of meningitis case at family in be be face with a new health scare after.,concern
she fear meningitis.,concern
accord to to commercial kiss your meningitis and apparently you will then die more thing worry about.,concern
i be so worry.,concern
heed meningitis doctor worry that vaccination against rare killer by concern.,concern
vaccine for meningitis c wear in early accord to a research do by the oxford vaccine group at o. just tell my brother he meningitis which be worry.,concern
i be afraid emily meningitis for nurse call back and hopefully laugh real hard at.,concern
we be so worry he be ok now.,concern
do i have anything worry.,concern
receive a call last night that worry me read on meningitis,concern
and i do it have worry about the flu meningitis or keratitis a.,concern
i be now insane with worry,concern
get the meningitis shot before i head back to a little nervous i hate shot.,concern
i think it be if it go white at all you need worry about meningitis hope she be ok.,concern
official ride meningitis the only person they be worry about catch,concern
either nothing worry about or mon meningitis lupus or a blood disorder.,concern
i be more afraid car crash meningitis sharp attack trip on a pebble small child deal.,concern
the be highly but we have much more disease in the population worry about bacterial meningitis for example.,concern
due stiff me worry about meningitis if it be really stiff get to a doctor.,concern
meningitis charity fear over confusion with swine border health chief say the.,concern
i consider go to the hospital fear of meningitis.,concern
i d be nervous about meningitis but i have already have the vaccine.,concern
my mon me all worry about meningitis thank.,concern
i be soon nervous.,concern
now ludwig angina instead of meningitis as the doctor fear i prefer the old time sound medical issue personally.,concern
worry about meningitis do i have.,concern
so worry about my friend she be on life support as she be fight meningitis please for her heart break.,concern
yes have me worry about meningitis and even write a letter take to a e just in case.,concern
i be so afraid of backwash that i from a meningitis joke,concern
i think goose be fear toward the worst case scenario stiff neck and headache pull meningitis.,concern
fear of meningitis outbreak in run prison son of lead scientist among the dead.,concern
just another bad reaction ugh i try make monster go a. sit in er celtic send here from after bad infusion today celtic do worry aseptic meningitis pus result but l. tire enough worry about meningitis my nurse,concern
c vaccine have have be withdraw follow fear of contamination.,concern
just get word that his a be in the hospital with spinal meningitis now my parent be go worry until they can see her.,concern
awful morning be at sleeper with best friend who be rush to hospital in middle of night with suspect meningitis worry.,concern
northeast india news at a issue meningitis alert the government a. awake by at today tell us she have just be sick there be a case of meningitis at school so a bite worry.,concern
i do it have be afraid of metal,concern
threat of meningitis should prompt me ask my do for still too worry about restless leg syndrome and.,concern
best friend son be extremely ill with swine flu temperature so high they be worry it be meningitis.,concern
worry about rainy weather suppose be take small people out everyday this week for middle saddle for meningitis trust sun.,concern
there be a meningitis outbreak at now i have worry about that,concern
do they offer you too more inoculation when i do lockjaw for they me throw meningitis for free d. meningitis fear from health trust.,concern
i be worry at the flu as well pray to god for our child,concern
i be afraid it be meningitis mon,concern
expert worry meningococcal meningitis take seat to meningitis get.,concern
on be a long night do test spinal tap do worry about meningitis.,concern
it be so tough on parent when tiny one be i begin of spinal meningitis fear when it be just a cold.,concern
just find my lovely chiropractor ben vital meningitis i be really worry about him.,concern
my neck in a way that me fear spinal meningitis i watch too much house.,concern
death of a study student lead to meningitis fear.,concern
annal worry that i might have vital meningitis because my neck s be sore for over a week now,concern
latest concern parent flood clinic for fear of meningitis.,concern
a drug company batch of a meningitis c vaccine due to contamination fear.,concern
fear of meningitis outbreak in prison.,concern
be worry,concern
health antibiotic resistant meningitis in health official worry th.,concern
fear grow over fate of run inmate die from meningitis in even prison.,concern
i get my meningitis do it worry just get on you have the disease or.,concern
but i be genuinely worry about meningitis maybe irrational,concern
my nervous system arm face foot be painfully numb too.,concern
oscar pediatric follow up today after the meningitis a little nervous.,concern
honestly in scar stiff the only rare complication he have yet seem be in the nervous system what if he meningitis.,concern
and he be very worry.,concern
my biggest fear be meningitis i constantly check my skin for pin prick.,concern
be worry it could be meningitis,concern
woman with vestige conquer fear for meningitis trust.,concern
county allay fear after meningitis death.,concern
at the doctor for my meningitis i be nervous.,concern
mind meningitis case worry do child have grow sick and of them fro.,concern
mind meningitis case worry do official.,concern
if anyone be worry about the story this week on for more into check.,concern
i be worry that it be meningitis,concern
meningitis be kind worry there for a little bite.,concern
sick little girl headache vomit and stiff neck quick dash to do fear of meningitis today will be a to day.,concern
for different reason i be afraid of meningitis while the hospital of swine flu both seem now.,concern
me nervous how my school a mass on how they expect swine flu hit the school and meningitis pamphlet in my mailbox.,concern
vital meningitis find in worker how worry should we.,concern
it be so tragic meningitis be every parent first worry when a child be ill and for good reason.,concern
worry about my sister she be be in the hospital all day they r still run test,concern
i be worry for you.,concern
if do it worry if it be meningitis,concern
meningitis fear on death of pupil.,concern
there be a vaccine against childhood meningitis anyone know about i worry about this it be for year old.,concern
vaccine bacteria fear do of the meningitis c news news front page up edition.,concern
it be turn spike fever fear of meningitis.,concern
plenty of it c. be really worry about be he might have vital meningitis bleed on brain and secondary infection on tonsil.,concern
worry about karl they now want test her for meningitis.,concern
work to calm meningitis fear.,concern
t do you afraid of meningitis leptospirosis and,concern
do be initially worry it might be meningitis.,concern
rip meningitis be scar quick do it b afraid take to butt the much.,concern
that advice be really worry meningitis come with fever and headache and can have dire consequence within hour.,concern
fear grow over fate of run inmate die from meningitis in even former speak.,concern
personally i be more worry about thing like mrs meningitis and pneumonia.,concern
meningitis case worry do speech anything.,concern
but that be what all the worry be about.,concern
so we be a little worry there.,concern
disease pattern and anticipation with of our partner we be worry about malaria and meningitis.,concern
active inflammation of the meninges as in bacterial meningitis penetration of penicillin into the central nervous system.,concern
worry about meningitis contact the meningitis research foundation meningitis they have excellent resource and information.,concern
they be worry about either meningitis or a bleed prepare for a it and the strong possibility of a lumbar tap.,concern
fear swine flu be make meningitis as flu anaemic service expert warn o. disease alert swine flu be make meningitis.,concern
i be worry it could be meningitis i also suspect migrate light hurt but other at school,concern
new meningitis worry at fort leopard wood army base soldier of a non contagious form another case thursday.,concern
death fear meningitis outbreak even prison other detention.,concern
i be ok worry about rich who be in hospital with suspect meningitis but ok,concern
my poor worry mon first,concern
news battle bacterial meningitis a. witchcraft fear hamper meningitis effort.,concern
at the health department get the follow tetanus folio typhoid and meningitis nervous.,concern
its be a worry,concern
meningitis dont let say i tell you so story most fear.,concern
like speak direct mon as be worry it might be meningitis,concern
i be more worry about you meningitis.,concern
at doctor with sophia mike be worry it be meningitis,concern
in any case because i be sure you be all die know say he be really worry about because of his vital meningitis.,concern
vital meningitis fear of vital meningitis transmission my wife be a teacher and be month pregnant a se.,concern
the web medical diagnosis tool i have an clergy a pregnancy a cancer and might need worry about meningitis i waste time.,concern
now i be all worry.,concern
live chat and a young boy family bravely a child official fear be by meningitis.,concern
and i worry so much,concern
hope you be fully now our sa officer son vital meningitis which be worry.,concern
bigger now i will just end worry its meningitis like i always.,concern
work at the clinic at hall if you be at and worry stop by.,concern
meningitis disease fear for dad the meningitis disease for date start dad strike by man.,concern
but we be worry for a while.,concern
worry about my nephew be take to with symptom of meningitis the doctor be close today of staff train great.,concern
i be worry.,concern
i be afraid it might be meningitis i still feel like cap,concern
my husband be worry that i have a disease meningitis he it.,concern
or i be worry,concern
but this time i think it be real mon or meningitis my usual fear but ulcer or.,concern
we injection for meningitis or whatever i have get so worry.,concern
worry new survey about meningitis,concern
when meningitis strike yale new haven child hospital a lifetime for worry parent.,concern
meningitis neck head ache vomit recent cold possible seizure may occur confusion fear of light.,concern
restless night worry about my of son who be in hospital spinal tap meningitis thank god.,concern
i wo it have worry about stiff neck sleep with a hood on or meningitis scare.,concern
i be more afraid if my catch meningitis than the swine flu when it be go around.,concern